vdw--B:AP8:501:O1--P:ARG:118:CD	0	0.0	4	19.799	12.273	5	-1000
hls--B:AP8:501:O--P:ARG:118:NH2	0	0.0	4	60.830	26.539	5	-1000
lwb--B:AP8:501:O1--P:ARG:119:N	0	0.0	4	41.828	26.793	5	-1000
vdw--B:AP8:501:F3--P:LEU:190:C	0	0.0	4	6.9050	1.2711	5	-1000
lwb--B:AP8:501:O1--P:ARG:118:NE	0	0.0	4	20.315	15.532	5	-1000
vdw--B:AP8:501:C9--P:GLU:103:N	0	0.0	4	43.902	10.784	5	-1000
vdw--B:AP8:501:F2--P:ILE:130:CG1	0	0.0	4	11.979	2.4242	5	-1000
vdw--B:AP8:501:C24--P:LEU:189:O	0	0.0	4	94.997	0.6868	5	-1000
vdw--B:AP8:501:F3--P:VAL:134:CG1	0	0.0	4	68.735	5.1569	5	-1000
vdw--B:AP8:501:C29--P:ALA:129:CB	0	0.0	4	14.507	5.5012	5	-1000
vdw--B:AP8:501:C13--P:ILE:197:CG2	0	0.0	4	6.2645	3.1580	5	-1000
vdw--B:AP8:501:F1--P:LEU:190:C	0	0.0	4	6.6347	1.1493	5	-1000
vdw--B:AP8:501:C25--P:LEU:189:CD1	0	0.0	4	40.979	2.8943	5	-1000
vdw--B:AP8:501:C13--P:ALA:102:CB	0	0.0	4	36.596	4.1854	5	-1000
vdw--B:AP8:501:F3--P:ILE:130:CB	0	0.0	4	8.3239	3.6192	5	-1000
vdw--B:AP8:501:F2--P:ILE:130:O	0	0.0	4	12.354	1.8946	5	-1000
vdw--B:AP8:501:C14--P:ILE:197:CG2	0	0.0	4	8.1961	2.1391	5	-1000
vdw--B:AP8:501:C15--P:ALA:99:CB	0	0.0	4	5.0840	1.4359	5	-1000
lwb2--B:AP8:501:O--P:ARG:119:N	0	0.0	4	23.067	11.025	5	-1000
vdw--B:AP8:501:C1--P:ALA:102:CB	0	0.0	4	80.545	1.8557	5	-1000
lwb--B:AP8:501:O--P:ARG:119:O	0	0.0	4	12.575	1.8692	5	-1000
vdw--B:AP8:501:C9--P:LEU:106:CD2	0	0.0	4	6.3831	4.4230	5	-1000
vdw--B:AP8:501:F2--P:GLY:95:CA	0	0.0	4	35.317	1.1985	5	-1000
vdw--B:AP8:501:C9--P:TYR:44:CE2	0	0.0	4	28.322	12.793	5	-1000
vdw--B:AP8:501:C26--P:LEU:133:CD2	0	0.0	4	66.351	4.1178	5	-1000
vdw--B:AP8:501:F2--P:GLY:95:N	0	0.0	4	19.875	1.1644	5	-1000
vdw--B:AP8:501:F3--P:ILE:130:CG1	0	0.0	4	11.266	4.0670	5	-1000
vdw--B:AP8:501:F3--P:ILE:130:CA	0	0.0	4	12.967	2.6204	5	-1000
lwb2--B:AP8:501:O--P:ARG:118:NH1	0	0.0	4	9.8355	6.7690	5	-1000
vdw--B:AP8:501:F2--P:LEU:190:CD2	0	0.0	4	37.350	1.1715	5	-1000
vdw--B:AP8:501:C2--P:LEU:106:CD1	0	0.0	4	5.0532	2.7832	5	-1000
lwb2--B:AP8:501:O1--P:SER:123:OG	0	0.0	4	30.454	5.8168	5	-1000
vdw--B:AP8:501:F--P:LEU:189:CD1	0	0.0	4	26.069	2.7801	5	-1000
vdw--B:AP8:501:F1--P:PRO:194:CG	0	0.0	4	15.972	2.2211	5	-1000
vdw--B:AP8:501:F3--P:GLY:95:CA	0	0.0	4	37.233	0.8012	5	-1000
vdw--B:AP8:501:F1--P:ILE:130:CB	0	0.0	4	6.6492	2.2455	5	-1000
vdw--B:AP8:501:F1--P:GLY:95:N	0	0.0	4	19.586	2.9087	5	-1000
vdw--B:AP8:501:C15--P:ALA:99:CA	0	0.0	4	27.695	6.6759	5	-1000
vdw--B:AP8:501:O--P:SER:123:CB	0	0.0	4	33.767	18.927	5	-1000
vdw--B:AP8:501:F2--P:LEU:190:C	0	0.0	4	6.3498	2.8336	5	-1000
vdw--B:AP8:501:C11--P:VAL:126:CG2	0	0.0	4	8.5949	4.9741	5	-1000
vdw--B:AP8:501:C29--P:ALA:129:O	0	0.0	4	5.1605	2.1277	5	-1000
vdw--B:AP8:501:F--P:LEU:193:CD1	0	0.0	4	6.9676	2.5815	5	-1000
vdw--B:AP8:501:C24--P:PRO:194:CG	0	0.0	4	43.586	3.3317	5	-1000
vdw--B:AP8:501:F1--P:ILE:130:O	0	0.0	4	10.537	1.6444	5	-1000
vdw--B:AP8:501:C25--P:LEU:189:CG	0	0.0	4	15.388	2.3496	5	-1000
hls--B:AP8:501:O--P:SER:123:OG	0	0.0	4	49.907	28.339	5	-1000
vdw--B:AP8:501:F1--P:LEU:190:CB	0	0.0	4	15.096	3.0371	5	-1000
lwb2--B:AP8:501:O1--P:ARG:118:NE	0	0.0	4	12.137	8.2436	5	-1000
vdw--B:AP8:501:C9--P:LEU:106:CD1	0	0.0	4	17.495	3.7041	5	-1000
vdw--B:AP8:501:F1--P:GLY:95:CA	0	0.0	4	33.810	1.8152	5	-1000
lwb2--B:AP8:501:O1--P:ARG:118:NH2	0	0.0	4	13.164	5.6875	5	-1000
vdw--B:AP8:501:C7--P:TYR:44:OH	0	0.0	4	11.571	4.2325	5	-1000
lwb2--B:AP8:501:O1--P:GLN:115:NE2	0	0.0	4	5.8826	3.9243	5	-1000
lwb2--B:AP8:501:O--P:SER:123:N	0	0.0	4	23.215	17.827	5	-1000
vdw--B:AP8:501:F1--P:ALA:92:O	0	0.0	4	5.0045	1.8833	5	-1000
vdw--B:AP8:501:C11--P:TYR:122:CB	0	0.0	4	39.438	14.333	5	-1000
vdw--P:ARG:118:NH2--P:GLU:103:CG	0	0.0	4	12.923	8.8973	5	-1000
lwb--B:AP8:501:O--P:SER:123:OG	0	0.0	4	54.582	14.354	5	-1000
vdw--B:AP8:501:C25--P:LEU:193:CD2	0	0.0	4	37.863	2.8211	5	-1000
vdw--B:AP8:501:F2--P:ILE:130:CA	0	0.0	4	14.760	2.6120	5	-1000
vdw--B:AP8:501:C28--P:GLY:95:CA	0	0.0	4	18.350	2.7345	5	-1000
vdw--B:AP8:501:F2--P:LEU:133:CB	0	0.0	4	5.6673	1.0962	5	-1000
wb--P:ARG:118:NH2--P:SER:123:OG	0	0.0	4	9.4664	6.1411	5	-1000
lwb2--B:AP8:501:O--P:GLU:103:OE2	0	0.0	4	13.245	9.9303	5	-1000
vdw--B:AP8:501:F1--P:VAL:134:CG1	0	0.0	4	67.712	4.5654	5	-1000
vdw--B:AP8:501:C29--P:ILE:130:CG1	0	0.0	4	13.786	4.8136	5	-1000
vdw--B:AP8:501:C20--P:ALA:98:CB	0	0.0	4	10.273	1.6982	5	-1000
lwb--B:AP8:501:O1--P:TYR:114:OH	0	0.0	4	13.662	5.3973	5	-1000
vdw--B:AP8:501:C9--P:ALA:99:O	0	0.0	4	11.455	3.4927	5	-1000
vdw--B:AP8:501:C9--P:GLU:103:CB	0	0.0	4	36.992	11.598	5	-1000
lwb--B:AP8:501:O--P:ARG:119:N	0	0.0	4	21.206	8.4355	5	-1000
vdw--B:AP8:501:O--P:ARG:118:NH1	0	0.0	4	23.092	18.123	5	-1000
vdw--B:AP8:501:O2--P:ALA:99:CB	0	0.0	4	40.677	5.2170	5	-1000
vdw--B:AP8:501:O1--P:LEU:106:CD2	0	0.0	4	9.8456	4.3520	5	-1000
vdw--B:AP8:501:C2--P:ALA:102:CB	0	0.0	4	37.880	8.9814	5	-1000
vdw--B:AP8:501:C24--P:LEU:133:CD2	0	0.0	4	44.800	3.7468	5	-1000
vdw--B:AP8:501:O--P:ARG:118:CZ	0	0.0	4	49.042	19.558	5	-1000
lwb2--B:AP8:501:O1--P:GLU:103:OE2	0	0.0	4	7.5696	3.8493	5	-1000
lwb--B:AP8:501:O1--P:ARG:118:NH1	0	0.0	4	12.920	8.6710	5	-1000
vdw--B:AP8:501:F1--P:LEU:190:O	0	0.0	4	12.183	1.6284	5	-1000
vdw--B:AP8:501:F3--P:LEU:190:CD2	0	0.0	4	36.449	1.3423	5	-1000
lwb--B:AP8:501:O1--P:ARG:119:O	0	0.0	4	26.354	16.057	5	-1000
vdw--B:AP8:501:C29--P:LEU:133:CD2	0	0.0	4	10.814	2.8872	5	-1000
vdw--B:AP8:501:F1--P:LEU:133:CD2	0	0.0	4	21.854	3.9653	5	-1000
vdw--B:AP8:501:O--P:TYR:44:CE2	0	0.0	4	54.084	26.140	5	-1000
vdw--B:AP8:501:F1--P:TYR:91:O	0	0.0	4	13.344	8.1013	5	-1000
lwb2--B:AP8:501:O1--P:SER:123:N	0	0.0	4	9.8316	5.0380	5	-1000
lwb2--B:AP8:501:O--P:SER:123:OG	0	0.0	4	36.454	20.040	5	-1000
lwb--B:AP8:501:O--P:TYR:44:OH	0	0.0	4	35.670	25.995	5	-1000
vdw--B:AP8:501:F1--P:ILE:130:CG1	0	0.0	4	9.6437	2.3181	5	-1000
vdw--B:AP8:501:C9--P:ARG:118:NH2	0	0.0	4	5.2118	3.0727	5	-1000
vdw--B:AP8:501:F1--P:ILE:130:CA	0	0.0	4	12.448	2.9463	5	-1000
vdw--B:AP8:501:C27--P:LEU:133:CD2	0	0.0	4	62.165	3.7192	5	-1000
vdw--B:AP8:501:F3--P:LEU:190:O	0	0.0	4	14.179	2.3386	5	-1000
vdw--B:AP8:501:O1--P:ARG:118:NH1	0	0.0	4	31.875	20.424	5	-1000
lwb2--B:AP8:501:O1--P:TYR:114:OH	0	0.0	4	17.727	6.4892	5	-1000
vdw--B:AP8:501:F3--P:ALA:92:O	0	0.0	4	5.6969	4.0203	5	-1000
hls--B:AP8:501:O--P:TYR:44:OH	0	0.0	4	63.700	28.967	5	-1000
vdw--B:AP8:501:F3--P:LEU:190:CA	0	0.0	4	23.174	0.7862	5	-1000
vdw--B:AP8:501:F2--P:ILE:130:CB	0	0.0	4	8.5156	1.4452	5	-1000
vdw--B:AP8:501:F2--P:ALA:92:O	0	0.0	4	5.4561	2.2904	5	-1000
vdw--B:AP8:501:C11--P:TYR:122:CD1	0	0.0	4	8.6692	5.3416	5	-1000
vdw--B:AP8:501:C20--P:ILE:197:CD	0	0.0	4	17.872	5.5009	5	-1000
vdw--B:AP8:501:F2--P:LEU:190:CA	0	0.0	4	22.211	3.0743	5	-1000
vdw--B:AP8:501:C8--P:ARG:118:NH2	0	0.0	4	70.430	25.183	5	-1000
lwb2--B:AP8:501:O1--P:ARG:119:O	0	0.0	4	28.857	9.8437	5	-1000
lwb2--B:AP8:501:O--P:TYR:44:OH	0	0.0	4	15.440	12.349	5	-1000
vdw--B:AP8:501:C25--P:LEU:133:CD2	0	0.0	4	54.886	5.8895	5	-1000
vdw--B:AP8:501:C26--P:LEU:193:CD2	0	0.0	4	18.537	3.0120	5	-1000
vdw--B:AP8:501:O3--P:GLY:95:CA	0	0.0	4	20.388	4.9952	5	-1000
vdw--B:AP8:501:C8--P:SER:123:OG	0	0.0	4	27.063	15.176	5	-1000
vdw--B:AP8:501:C12--P:VAL:126:CG2	0	0.0	4	50.041	6.3507	5	-1000
hls--B:AP8:501:O1--P:ARG:118:NH1	0	0.0	4	31.504	20.237	5	-1000
vdw--B:AP8:501:C9--P:GLU:103:CA	0	0.0	4	68.237	9.8539	5	-1000
vdw--B:AP8:501:F3--P:ILE:130:O	0	0.0	4	10.489	2.6323	5	-1000
vdw--B:AP8:501:C8--P:LEU:106:CD2	0	0.0	4	6.3252	4.6130	5	-1000
vdw--B:AP8:501:F--P:LEU:133:CD2	0	0.0	4	9.6918	2.3566	5	-1000
vdw--B:AP8:501:F1--P:ILE:130:CG2	0	0.0	4	31.448	1.6738	5	-1000
lwb--B:AP8:501:O1--P:ARG:118:NH2	0	0.0	4	10.927	6.9441	5	-1000
vdw--B:AP8:501:C8--P:TYR:44:OH	0	0.0	4	49.703	21.625	5	-1000
vdw--B:AP8:501:C21--P:ILE:130:CG1	0	0.0	4	37.931	6.0088	5	-1000
vdw--B:AP8:501:O--P:SER:123:OG	0	0.0	4	50.222	28.511	5	-1000
vdw--B:AP8:501:F3--P:PRO:194:CG	0	0.0	4	14.838	3.1125	5	-1000
vdw--B:AP8:501:F3--P:LEU:190:CB	0	0.0	4	14.868	2.4542	5	-1000
vdw--B:AP8:501:C18--P:ILE:130:CG1	0	0.0	4	46.390	7.7877	5	-1000
vdw--B:AP8:501:C5--P:ALA:102:CB	0	0.0	4	12.752	5.4714	5	-1000
vdw--B:AP8:501:F1--P:LEU:190:CA	0	0.0	4	24.247	4.7723	5	-1000
vdw--B:AP8:501:F2--P:LEU:133:CG	0	0.0	4	5.7729	0.6573	5	-1000
vdw--B:AP8:501:F2--P:LEU:190:CB	0	0.0	4	13.445	2.7309	5	-1000
vdw--B:AP8:501:F2--P:LEU:190:O	0	0.0	4	11.741	3.8124	5	-1000
vdw--B:AP8:501:C9--P:TYR:44:OH	0	0.0	4	20.346	7.7935	5	-1000
vdw--B:AP8:501:C23--P:LEU:133:CD2	0	0.0	4	45.134	4.0441	5	-1000
vdw--B:AP8:501:C24--P:PRO:194:CD	0	0.0	4	28.927	3.4385	5	-1000
vdw--B:AP8:501:C9--P:ALA:102:C	0	0.0	4	15.385	6.4141	5	-1000
vdw--B:AP8:501:C8--P:ARG:118:NH1	0	0.0	4	33.729	20.624	5	-1000
vdw--B:AP8:501:O1--P:ARG:118:NH2	0	0.0	4	46.658	18.173	5	-1000
vdw--B:AP8:501:C29--P:ALA:129:C	0	0.0	4	11.186	4.9152	5	-1000
vdw--B:AP8:501:C7--P:LEU:106:CD1	0	0.0	4	12.463	3.2563	5	-1000
vdw--B:AP8:501:O1--P:ARG:118:CZ	0	0.0	4	54.342	18.923	5	-1000
vdw--B:AP8:501:F1--P:LEU:190:CD2	0	0.0	4	41.116	3.9650	5	-1000
vdw--B:AP8:501:C8--P:ARG:118:CZ	0	0.0	4	40.343	29.132	5	-1000
vdw--B:AP8:501:C25--P:LEU:189:O	0	0.0	4	91.115	1.8300	5	-1000
vdw--B:AP8:501:O--P:TYR:44:OH	0	0.0	4	63.700	28.967	5	-1000
lwb2--B:AP8:501:O1--P:GLU:103:O	0	0.0	4	8.6679	3.4552	5	-1000
vdw--B:AP8:501:O2--P:ALA:99:CA	0	0.0	4	62.711	8.5769	5	-1000
lwb2--B:AP8:501:O1--P:GLN:115:OE1	0	0.0	4	5.8608	4.2614	5	-1000
vdw--B:AP8:501:C28--P:VAL:134:CG1	0	0.0	4	40.734	5.0865	5	-1000
vdw--B:AP8:501:C--P:ALA:102:CB	0	0.0	4	63.589	7.7480	5	-1000
vdw--B:AP8:501:C23--P:PRO:194:CG	0	0.0	4	10.462	2.6463	5	-1000
vdw--B:AP8:501:F2--P:TYR:91:O	0	0.0	4	13.878	8.9387	5	-1000
vdw--B:AP8:501:F3--P:GLY:95:N	0	0.0	4	21.003	4.4108	5	-1000
vdw--B:AP8:501:C17--P:VAL:126:CG1	0	0.0	4	46.031	4.9764	5	-1000
vdw--B:AP8:501:C18--P:ILE:130:CD	0	0.0	4	12.807	4.8195	5	-1000
vdw--B:AP8:501:F1--P:LEU:133:CB	0	0.0	4	5.3457	1.6545	5	-1000
lwb--B:AP8:501:O1--P:SER:123:OG	0	0.0	4	42.453	17.547	5	-1000
vdw--B:AP8:501:C3--P:ALA:102:CB	0	0.0	4	5.1054	2.3920	5	-1000
vdw--B:AP8:501:O3--P:PRO:194:CG	0	0.0	4	20.080	3.0628	5	-1000
vdw--B:AP8:501:C3--P:LEU:106:CD1	0	0.0	4	24.165	6.8763	5	-1000
lwb2--B:AP8:501:O--P:ARG:119:O	0	0.0	4	38.016	29.156	5	-1000
lwb--B:AP8:501:O--P:ARG:118:NH1	0	0.0	4	7.1295	4.8240	5	-1000
vdw--B:AP8:501:F2--P:LEU:133:CD2	0	0.0	4	23.094	4.3196	5	-1000
lwb2--B:AP8:501:O1--P:ARG:119:N	0	0.0	4	39.533	6.9893	5	-1000
vdw--B:AP8:501:F--P:LEU:193:CD2	0	0.0	4	55.594	4.6520	5	-1000
vdw--B:AP8:501:F2--P:VAL:134:CG1	0	0.0	4	68.649	3.4184	5	-1000
hls--B:AP8:501:O1--P:ARG:118:NH2	0	0.0	4	39.725	13.121	5	-1000
vdw--B:AP8:501:F2--P:ILE:130:CG2	0	0.0	4	36.935	1.6238	5	-1000
lwb2--B:AP8:501:O--P:ARG:118:NH2	0	0.0	4	12.063	9.6652	5	-1000
vdw--B:AP8:501:F3--P:ILE:130:CG2	0	0.0	4	36.988	4.9566	5	-1000
lwb2--B:AP8:501:O1--P:ARG:118:NH1	0	0.0	4	19.240	12.280	5	-1000
vdw--B:AP8:501:F3--P:TYR:91:O	0	0.0	4	15.448	9.1805	5	-1000
vdw--B:AP8:501:O--P:ARG:118:NH2	0	0.0	4	61.368	26.571	5	-1000
lwb2--B:AP8:501:O1--P:PHE:117:O	0	0.0	4	14.568	9.3811	5	-1000
vdw--B:AP8:501:O--P:TYR:44:CZ	0	0.0	4	57.911	28.133	5	-1000
vdw--B:AP8:501:O2--P:ALA:102:CB	0	0.0	4	8.2255	3.4522	5	-1000
vdw--B:AP8:501:F2--P:PRO:194:CG	0	0.0	4	14.161	1.7569	5	-1000
lwb--B:AP8:501:O--P:ARG:118:NH2	0	0.0	4	17.828	14.139	5	-1000
vdw--B:AP8:501:C6--P:TYR:44:OH	0	0.0	4	48.145	21.658	5	-1000
vdw--B:AP8:501:F3--P:LEU:133:CD2	0	0.0	4	20.215	3.2478	5	-1000
vdw--B:AP8:501:C18--P:VAL:126:CG1	0	0.0	4	32.218	6.8451	5	-1000
vdw--B:AP8:501:O1--P:TYR:114:CE1	0	0.0	4	10.542	8.4778	5	-1000
vdw--B:AP8:501:C22--P:LEU:133:CD2	0	0.0	4	47.770	3.1820	5	-1000
vdw--P:ARG:221:NH2--P:TRP:224:CD2	0.1020	0.2040	4	10.227	6.2176	5	-100.22845737876492
wb2--P:ARG:118:NH2--P:SER:123:OG	0.1461	0.2923	4	10.916	8.4072	5	-74.66719315670953
vdw--P:ALA:129:O--P:LEU:133:CD1	5.0217	1.5457	4	0.2387	0.3660	5	21.037607220343236
vdw--P:ALA:129:O--P:LEU:133:CG	6.7868	2.3044	4	0.4771	0.6855	5	14.223993347977647
vdw--P:ARG:221:NH2--P:TRP:224:CG	1.1241	1.3899	4	15.909	9.8576	5	-14.153023165136194
vdw--P:ILE:130:CD--P:PHE:96:N	1.1670	0.9235	4	15.135	5.5830	5	-12.968995878007394
vdw--P:ARG:221:NH2--P:TRP:224:CB	0.6126	0.9715	4	7.6633	4.1432	5	-12.508207363998881
pc--P:ARG:221:NH1--P:TRP:224:CG	2.1612	0.5425	4	26.758	19.388	5	-12.380989386326384
vdw--P:ILE:130:O--P:LEU:133:CB	25.277	3.1236	4	2.0893	0.6567	5	12.098289778083815
vdw--P:GLU:103:OE1--P:PRO:40:CG	12.671	5.9568	4	1.0973	1.4496	5	11.547302716686776
vdw--P:ALA:34:O--P:ARG:37:CA	1.0208	1.7789	4	11.559	2.4262	5	-11.323312904964045
wb2--P:ARG:118:NH1--P:ARG:37:O	9.7511	2.5736	4	0.8669	1.5712	5	11.24713359397013
hbbb--P:ALA:34:O--P:ARG:37:N	1.6343	2.0271	4	17.537	10.200	5	-10.730551364584366
vdw--P:ILE:130:O--P:LEU:133:CA	11.709	1.6622	4	1.1445	0.7510	5	10.23062076719921
vdw--P:ALA:92:CB--P:ILE:130:CG2	0.8175	0.5784	4	8.3451	4.3824	5	-10.207181532596975
wb2--P:ARG:37:O--P:HSE:33:ND1	0.8171	0.8817	4	7.7036	4.5029	5	-9.427260068653865
wb--P:ARG:119:N--P:SER:123:OG	2.8459	1.9862	4	24.771	13.488	5	-8.70409124057394
vdw--P:ALA:34:O--P:ARG:37:N	3.5614	3.5764	4	30.434	16.114	5	-8.545414616992625
pc--P:ARG:221:NH2--P:TRP:224:CG	5.0075	1.3015	4	42.357	21.583	5	-8.45862999117225
vdw--P:ALA:34:C--P:ARG:37:N	0.9187	1.5762	4	7.6161	2.0169	5	-8.289415730346613
wb2--P:ARG:118:NH1--P:GLU:103:O	1.9279	1.6557	4	15.802	8.3987	5	-8.196635996366002
wb--P:ARG:118:NH1--P:GLU:103:OE2	2.4086	2.1551	4	19.690	3.8256	5	-8.17489244499214
vdw--P:LEU:189:O--P:LEU:193:CD2	13.522	3.1822	4	1.6935	1.1208	5	7.984834015436893
wb2--P:PHE:117:O--P:TYR:122:OH	1.0645	1.0497	4	8.2045	2.6142	5	-7.706920981886095
wb2--P:ARG:118:NH2--P:ARG:119:O	0.8771	1.7543	4	6.6624	4.4816	5	-7.595198505849064
wb--P:ALA:177:N--P:TYR:250:O	0.8188	1.1102	4	5.5100	2.9980	5	-6.729103817609278
wb--P:GLN:115:NE2--P:GLU:103:OE2	0.9625	1.0488	4	6.4240	2.0809	5	-6.674112538416381
sb--P:ARG:118:NH1--P:GLU:103:OE2	5.9915	9.4056	4	36.289	16.496	5	-6.056684715243289
wb2--P:ARG:118:NH1--P:SER:123:OG	1.2716	2.2792	4	7.6903	1.2075	5	-6.047655094394528
vdw--P:ALA:92:O--P:ILE:130:CG2	9.3471	2.8772	4	55.775	10.826	5	-5.967042243324807
wb2--P:ARG:118:NH1--P:GLU:103:OE2	3.7797	4.0587	4	22.531	5.4423	5	-5.961237867713457
wb--P:ARG:119:N--P:ARG:119:O	4.3362	1.6571	4	25.669	11.151	5	-5.919823115040244
vdw--P:ARG:118:NH1--P:GLU:103:OE2	5.4813	9.6261	4	31.586	15.960	5	-5.762459760768852
hbss--P:ARG:118:NH1--P:GLU:103:OE2	5.3793	9.6825	4	29.777	16.250	5	-5.535505868570508
vdw--P:SER:41:CA--P:THR:39:OG1	14.783	5.0967	4	2.7391	2.7839	5	5.39705061047037
wb2--P:ARG:118:NH1--P:SER:41:N	1.1095	1.0186	4	5.9614	2.4682	5	-5.372788747314017
wb2--P:ARG:118:NH2--P:ARG:37:O	10.073	2.1705	4	1.8922	2.6949	5	5.3236683310334865
wb--P:GLN:115:NE2--P:GLU:103:O	1.4148	1.8427	4	7.3141	1.9753	5	-5.169566322180491
vdw--P:ALA:34:O--P:ARG:37:C	3.9846	5.2322	4	20.206	5.4635	5	-5.071258888460395
vdw--P:ARG:119:CD--P:PHE:117:O	1.2686	2.1650	4	6.2590	2.6776	5	-4.933617254385379
wb2--P:ALA:109:O--P:ARG:211:NE	1.2107	0.8821	4	5.9600	3.1281	5	-4.9225315013273425
hbss--P:ARG:118:NH1--P:GLU:103:OE1	4.5429	6.0861	4	22.272	14.378	5	-4.9027773543312465
vdw--P:ALA:98:CB--P:PRO:194:CA	13.745	3.3260	4	2.9232	0.7813	5	4.702237641730637
wb2--P:ARG:119:NH1--P:PHE:117:O	1.7209	1.9303	4	8.0775	2.5199	5	-4.693610462093004
vdw--P:LEU:188:O--P:LEU:193:CG	1.7955	1.5179	4	8.2463	3.9646	5	-4.592614547251754
vdw--P:SER:41:CB--P:THR:39:OG1	38.298	10.728	4	8.3603	8.0345	5	4.580966799311696
wb--P:ARG:183:NH2--P:ASP:175:O	1.2694	1.3411	4	5.7590	2.1047	5	-4.536552325391304
wb2--P:ARG:221:NH2--P:VAL:275:O	12.305	3.6820	4	2.7135	1.7460	5	4.534668943201771
wb2--P:TYR:105:OH--P:TYR:105:OH	3.3137	1.4679	4	14.961	2.7786	5	-4.514936099223284
wb2--P:ARG:119:N--P:ARG:119:N	2.0887	1.9382	4	9.0992	2.8545	5	-4.356215579993417
vdw--P:ILE:130:CD--P:PHE:96:CD1	17.441	9.9805	4	75.901	6.1184	5	-4.351701445161222
hbsb--P:SER:41:N--P:THR:39:OG1	37.102	10.166	4	8.7554	7.2735	5	4.237698073640071
vdw--P:PRO:40:CB--P:SER:123:CB	26.695	10.302	4	6.3268	4.9433	5	4.219452517983288
wb2--P:HSE:33:ND1--P:HSE:33:O	1.2699	1.4218	4	5.3505	3.1566	5	-4.213320062579558
wb--P:ARG:118:N--P:ARG:118:O	3.0405	5.0053	4	12.710	5.2048	5	-4.180263332432396
wb2--P:ARG:119:N--P:SER:123:OG	4.1437	3.3633	4	17.164	5.0083	5	-4.142186552469859
vdw--P:ALA:42:CB--P:THR:39:CG2	36.269	11.957	4	8.8499	8.5726	5	4.098289390839959
wb2--P:GLN:115:OE1--P:GLU:103:OE2	1.9391	2.1172	4	7.9265	4.4610	5	-4.087537148044345
vdw--P:PHE:191:CA--P:PRO:194:CD	5.9726	1.9882	4	1.4619	0.3711	5	4.085529834347937
wb2--P:ALA:109:O--P:ARG:211:NH2	2.0862	1.7095	4	8.4898	4.0332	5	-4.0694513244193
hbss--P:GLU:103:OE2--P:SER:41:OG	36.421	17.298	4	9.0627	6.8777	5	4.018856656106384
wb--P:ALA:177:N--P:PRO:251:O	1.4173	0.8585	4	5.5684	1.5479	5	-3.928783865985741
vdw--P:ALA:99:CB--P:ILE:130:CD	8.2487	2.1936	4	2.1099	1.2529	5	3.9094667732701947
wb2--P:ARG:118:N--P:ARG:118:O	4.4275	6.4653	4	16.951	7.0774	5	-3.8286956986041423
vdw--P:ILE:130:CD--P:PHE:96:CE1	16.918	10.217	4	64.641	6.3524	5	-3.8208109008110287
wb--P:ARG:118:NH1--P:GLU:103:OE1	3.6348	3.6046	4	13.871	4.2655	5	-3.816409816090548
vdw--P:GLU:103:OE2--P:SER:41:OG	36.932	17.433	4	9.8801	7.4418	5	3.7380567522923625
wb2--P:ARG:217:NH2--P:ARG:221:NH2	2.2491	1.3578	4	8.3902	3.0575	5	-3.7304308098176864
vdw--P:LEU:188:O--P:PHE:192:C	15.182	5.3183	4	4.1589	2.7168	5	3.650610384947483
vdw--P:HSE:33:C--P:THR:39:CG2	11.565	3.4045	4	3.1987	3.4417	5	3.615622124052144
vdw--P:LEU:188:O--P:LEU:193:CA	7.6811	2.7105	4	2.1428	1.1617	5	3.5845962175099637
wb--P:ALA:146:O--P:GLU:145:OE2	1.5331	1.8384	4	5.4465	1.8234	5	-3.552577887350326
wb2--P:ARG:218:N--P:HSE:216:O	7.1846	1.1827	4	2.0390	1.5193	5	3.5234466678486447
wb2--P:ARG:119:N--P:ARG:119:NE	2.0300	2.3128	4	7.1039	3.6844	5	-3.4993723265863075
wb2--P:PHE:200:O--P:TYR:105:OH	2.4365	1.5763	4	8.3980	3.8144	5	-3.446752785946351
vdw--P:ASN:252:CB--P:TYR:250:CZ	2.4527	1.3365	4	8.3974	4.5139	5	-3.423622982773896
wb--P:GLU:103:OE1--P:THR:39:OG1	13.789	3.0044	4	4.0791	2.9051	5	3.3803804199923606
vdw--P:ALA:116:N--P:LEU:112:O	3.1241	2.6002	4	10.485	5.6130	5	-3.3561183614037633
vdw--P:PHE:191:CA--P:PRO:194:CG	20.213	4.6196	4	6.0300	0.6021	5	3.3521019711228917
vdw--P:PHE:82:CE2--P:SER:58:CB	7.0705	1.9717	4	2.1412	1.7721	5	3.3020560799208925
vdw--P:GLU:103:OE2--P:SER:41:CB	49.728	22.359	4	15.112	12.877	5	3.290578104303115
vdw--P:HSE:216:O--P:LYS:219:C	5.2687	2.3454	4	17.182	9.4506	5	-3.261298863553937
vdw--P:ALA:99:CB--P:VAL:126:CG1	2.6860	0.8007	4	8.6910	4.6723	5	-3.235684121923375
vdw--P:ASN:252:CB--P:TYR:250:CE1	2.0583	0.9012	4	6.6477	3.1483	5	-3.2296200906359642
wb--P:ARG:118:NH1--P:ARG:118:NH2	39.439	12.339	4	12.236	7.1822	5	3.223117295651345
vdw--P:SER:41:N--P:THR:39:OG1	43.865	12.402	4	13.815	10.119	5	3.175184877706917
hbbb--P:ALA:83:O--P:PHE:88:N	10.013	2.8999	4	3.1626	2.1557	5	3.166024682241089
vdw--P:ILE:130:O--P:VAL:134:CA	8.8610	2.0963	4	2.8176	0.6738	5	3.1448036513726447
vdw--P:ALA:83:O--P:PHE:88:N	14.220	2.9058	4	4.5421	2.5099	5	3.1307058671014474
vdw--P:ALA:99:CB--P:TYR:44:CE2	3.8097	1.6268	4	11.858	4.5867	5	-3.112730687855086
lwb--B:MK6:500:O--P:ALA:83:O	2.1466	2.2728	4	6.6729	2.9537	5	-3.1085622280676177
wb--P:GLN:115:NE2--P:GLU:103:OE1	1.6189	1.3797	4	5.0180	2.6508	5	-3.0995957276921837
vdw--B:MK6:500:C4--P:LEU:138:CD2	4.0913	2.6534	4	12.643	5.2969	5	-3.090332581109901
vdw--P:HSE:33:O--P:THR:39:CG2	22.793	5.0401	4	7.3907	7.9747	5	3.084089704329299
wb2--P:ARG:183:NH2--P:PRO:176:O	2.7438	1.2411	4	8.4442	3.2420	5	-3.0774773626323113
vdw--P:ALA:208:CA--P:ARG:211:CZ	1.9288	1.6588	4	5.9273	2.6708	5	-3.073034385000348
wb2--P:GLN:115:NE2--P:GLU:103:OE2	3.3540	3.0916	4	10.255	4.5813	5	-3.0575975267176045
wb2--P:HSE:216:O--P:LYS:219:N	13.944	5.0965	4	4.5749	1.7925	5	3.0481070565414843
lwb--B:MK6:500:O4--P:TYR:240:OH	8.3387	2.4571	4	2.7433	1.7412	5	3.0396248764701497
vdw--P:ALA:34:O--P:LEU:38:CD2	35.869	11.658	4	11.876	12.784	5	3.020170671977454
vdw--P:LEU:171:O--P:TRP:174:CE3	2.5860	1.8540	4	7.8059	3.5118	5	-3.0184783050659485
wb2--P:ASN:252:N--P:LEU:253:N	1.6784	1.6917	4	5.0417	2.0850	5	-3.0037309732356134
wb--P:HSE:216:O--P:LEU:220:N	26.084	2.8791	4	8.7549	3.4450	5	2.979438757975419
vdw--P:GLU:103:CD--P:SER:41:OG	42.638	13.140	4	14.465	10.118	5	2.9476964840215096
vdw--P:ASP:175:OD1--P:SER:178:CA	3.3757	2.0993	4	9.8683	4.3079	5	-2.923282203106097
vdw--P:LYS:62:O--P:TYR:12:CD1	2.0899	1.9906	4	6.1051	2.9662	5	-2.9211278983775193
wb2--P:ARG:37:O--P:THR:39:OG1	4.5990	1.9227	4	13.387	6.4721	5	-2.910916223922207
wb--P:ALA:146:O--P:GLU:145:OE1	1.7372	1.8975	4	5.0104	2.0967	5	-2.884192704478826
vdw--P:LEU:138:CD2--P:PHE:88:CB	7.6524	1.4113	4	2.6572	1.1998	5	2.8798336023340076
vdw--P:ARG:217:CB--P:ARG:221:NH1	5.6506	1.2649	4	1.9671	0.4664	5	2.8725883466362054
vdw--P:GLY:95:CA--P:ILE:130:CD	2.7438	2.0508	4	7.8651	2.6339	5	-2.8664093228026553
wb2--P:ARG:211:NH1--P:TYR:105:OH	2.9338	0.9243	4	8.3924	3.1134	5	-2.860587826044294
vdw--P:ALA:34:N--P:ALA:42:CB	52.643	16.152	4	18.579	23.144	5	2.8334028227670123
wb2--P:GLY:213:O--P:HSE:216:O	21.651	8.3395	4	7.6441	5.3345	5	2.832440424631083
vdw--P:ARG:119:O--P:SER:123:OG	6.6522	6.0135	4	18.639	8.1894	5	-2.8020172045811678
wb2--P:GLU:172:OE2--P:HSE:86:ND1	2.1470	1.6491	4	6.0133	2.6603	5	-2.800688581449475
vdw--P:ARG:104:NE--P:SER:41:OG	23.966	5.3866	4	8.6644	6.5760	5	2.766055382631939
wb2--P:LEU:220:N--P:LYS:219:N	9.8157	2.8424	4	3.5510	1.3377	5	2.7641875833469918
wb2--P:HSE:216:O--P:SER:212:OG	13.200	4.9469	4	4.7898	2.8434	5	2.756030248824405
vdw--P:TYR:91:O--P:VAL:134:CG1	2.9354	0.8694	4	7.9193	1.7350	5	-2.697771074247979
vdw--B:MK6:500:C5--P:LEU:138:CB	5.8877	3.3844	4	15.860	4.9715	5	-2.6937587779107988
wb--P:ARG:183:NH2--P:PRO:176:O	17.582	12.031	4	46.991	15.770	5	-2.6726396418554534
vdw--P:LEU:106:O--P:PHE:110:O	25.475	6.8640	4	9.6040	4.1808	5	2.6525970523274207
vdw--P:ALA:42:CB--P:HSE:33:C	18.806	5.9761	4	7.0971	8.4494	5	2.6498512896070605
vdw--P:ALA:98:CB--P:PRO:194:CB	44.778	5.5402	4	17.092	2.7993	5	2.6197702830645966
wb2--P:SER:41:O--P:THR:276:O	8.6885	3.4307	4	3.3379	2.8752	5	2.602998485106065
vdw--P:LEU:138:CD2--P:PHE:88:CA	15.871	3.0293	4	6.0983	1.9812	5	2.6025974898487623
vdw--P:HSE:33:O--P:LEU:38:N	49.840	18.673	4	19.419	17.676	5	2.5665135121296943
vdw--P:ALA:129:O--P:ALA:132:C	23.992	2.0011	4	9.3484	2.1289	5	2.5664248235685814
vdw--P:ARG:217:CB--P:ARG:221:CZ	7.4736	2.0500	4	2.9130	0.7936	5	2.5656055586439184
wb2--P:ARG:211:NH2--P:TYR:105:OH	2.3944	1.2226	4	6.1342	1.7289	5	-2.5618660357666
vdw--P:PHE:82:CE2--P:TRP:72:CE3	2.1320	0.7252	4	5.4343	2.5499	5	-2.5488958597342513
wb2--P:HSE:216:O--P:HSE:216:O	9.8257	3.8462	4	3.8583	2.0463	5	2.546598755117742
wb--P:HSE:216:O--P:LYS:219:N	18.980	3.3746	4	7.4992	4.1566	5	2.531018465834687
vdw--P:SER:123:OG--P:TYR:44:CZ	51.967	16.642	4	20.580	11.311	5	2.525069491000512
vdw--B:MK6:500:O--P:LEU:138:CG	10.792	3.6050	4	4.2794	1.6843	5	2.521802528424272
wb--P:SER:243:OG--P:TYR:240:O	10.589	3.2740	4	4.2004	1.9075	5	2.5210532562088215
vdw--P:ARG:28:O--P:THR:31:C	11.116	5.3983	4	27.946	8.7931	5	-2.5139005761379245
vdw--P:PHE:191:C--P:PRO:194:CG	27.660	3.1390	4	11.052	1.6847	5	2.5026605200445924
wb2--P:ARG:207:NE--P:ARG:211:NH2	6.1479	2.2440	4	2.4577	1.9102	5	2.5014611974029255
wb2--P:ARG:104:O--P:GLU:103:OE1	9.5332	2.6755	4	3.8117	2.9309	5	2.501003872188346
vdw--P:ALA:32:O--P:LEU:36:CD1	16.833	2.8972	4	6.7420	3.9112	5	2.4967694352688032
wb2--P:ASN:241:ND2--P:TYR:91:O	12.321	2.8895	4	4.9471	3.7873	5	2.4906172414426058
vdw--P:ALA:45:CA--P:THR:276:CG2	12.497	4.8631	4	5.0225	3.9315	5	2.4882691329659643
vdw--P:HSE:137:CE1--P:LEU:189:CG	6.1904	1.5204	4	2.4912	1.1179	5	2.484909577233039
vdw--B:MK6:500:N--P:PHE:87:CB	8.6457	2.4379	4	3.4905	2.2592	5	2.476942654621402
vdw--P:ARG:35:O--P:ARG:37:N	11.776	4.8179	4	29.154	12.494	5	-2.475734201111509
wb2--P:SER:41:OG--P:THR:276:O	32.311	7.8486	4	13.082	13.869	5	2.4698751708900333
wb--P:GLU:103:OE1--P:GLU:103:OE2	31.769	14.420	4	78.041	29.211	5	-2.4564938421560427
vdw--P:LEU:190:O--P:PRO:194:CD	2.1166	0.6808	4	5.1952	1.8490	5	-2.454470628263456
vdw--P:GLY:95:C--P:ILE:130:CD	33.606	7.3511	4	81.718	6.9868	5	-2.4316326914728306
vdw--P:ALA:98:O--P:ILE:197:CG2	7.4800	2.7978	4	3.0834	0.8978	5	2.4258519519684105
vdw--B:MK6:500:C5--P:LEU:138:CD1	14.034	2.8052	4	5.8023	1.7999	5	2.418702120541745
wb--P:ASN:244:OD1--P:TYR:240:O	11.363	3.7718	4	4.7063	1.6745	5	2.4144688631194584
wb2--P:ARG:104:NH1--P:ARG:221:NH2	7.1263	2.3906	4	2.9576	2.2136	5	2.409499714402755
hbsb--P:SER:247:N--P:SER:247:OG	2.4690	0.7627	4	5.9485	1.8904	5	-2.4092670432683176
wb2--P:ARG:104:NH2--P:ARG:104:O	6.5427	2.4116	4	2.7213	1.1386	5	2.404273476539478
vdw--P:ALA:177:CB--P:PRO:251:CB	6.4858	4.2171	4	15.578	1.6478	5	-2.4019781792922363
vdw--P:ALA:129:O--P:ALA:132:CB	37.587	3.3646	4	15.654	3.7736	5	2.401001623638201
wb2--P:ARG:218:N--P:LEU:220:N	5.6965	0.9817	4	2.4053	2.0209	5	2.3682505596251135
wb--P:LEU:220:N--P:LYS:219:N	14.458	1.9564	4	6.1296	3.9704	5	2.3586977245096907
vdw--P:LEU:46:CD1--P:THR:31:OG1	57.077	5.9838	4	24.295	23.794	5	2.349297489978339
vdw--P:ALA:177:C--P:GLY:180:N	6.2096	3.5419	4	14.541	6.3933	5	-2.3417147926840944
vdw--P:PHE:82:CD2--P:SER:58:OG	8.7286	3.1595	4	3.7279	2.8478	5	2.341417085767933
vdw--P:ILE:130:CD--P:VAL:126:C	2.2191	0.3899	4	5.1767	1.4064	5	-2.332798879480987
vdw--P:PHE:191:N--P:PRO:194:CG	8.5870	0.5899	4	3.6838	1.8850	5	2.330999720529511
vdw--P:GLU:103:CB--P:TYR:44:CE2	32.073	11.227	4	13.838	10.138	5	2.317638498978989
vdw--P:ALA:99:CA--P:GLY:95:O	27.420	3.8802	4	11.881	2.9435	5	2.307835496569666
vdw--P:ALA:98:N--P:THR:198:OG1	3.1849	1.3524	4	7.3399	2.9249	5	-2.3045555332482714
vdw--P:LEU:46:CD2--P:THR:31:OG1	14.019	2.7666	4	6.0900	6.1966	5	2.3020127919368667
wb2--P:ARG:118:NH2--P:ARG:118:NH2	31.049	10.846	4	13.507	7.9426	5	2.298623979995408
vdw--P:ALA:34:CB--P:ALA:42:CB	29.420	2.9958	4	12.824	10.394	5	2.29414589597978
vdw--P:PHE:82:CE2--P:SER:58:OG	13.696	2.6356	4	5.9758	4.8072	5	2.291997081987601
vdw--P:GLU:103:CD--P:SER:41:N	11.509	3.7681	4	5.0311	3.3753	5	2.287583893143425
vdw--P:LEU:138:CD1--P:LEU:186:CD1	8.2084	1.4355	4	3.5954	1.4807	5	2.2830223908479272
vdw--P:ALA:226:O--P:THR:198:CG2	27.776	2.8380	4	12.179	8.9270	5	2.280672209831449
vdw--P:ALA:129:O--P:ALA:132:CA	20.119	2.4913	4	8.8446	4.0916	5	2.2747617044075397
vdw--B:MK6:500:C6--P:LEU:138:CB	3.5065	2.3252	4	7.9715	2.3632	5	-2.2733600321886804
vdw--P:LEU:61:C--P:PHE:82:CE1	3.5348	1.0769	4	8.0356	3.5799	5	-2.2732543069825333
wb--P:ARG:183:NH2--P:SER:247:OG	32.742	18.257	4	74.203	16.506	5	-2.2662622240663093
vdw--P:LEU:135:CA--P:PHE:88:CE2	11.683	1.7854	4	5.1638	2.0885	5	2.2625089545227732
vdw--P:ARG:28:C--P:THR:31:N	7.4190	3.1992	4	16.679	2.8644	5	-2.248175833752273
vdw--P:LEU:190:CD2--P:VAL:134:CG1	23.891	1.3333	4	10.655	2.1317	5	2.242082064204885
wb--P:GLY:180:N--P:PRO:176:O	5.9992	3.4598	4	13.370	5.5807	5	-2.2286996308562377
wb--P:SER:243:OG--P:SER:247:OG	6.7053	4.0004	4	14.839	5.1146	5	-2.2131178678531893
vdw--P:PHE:191:CD1--P:VAL:237:CG2	15.385	3.7050	4	6.9645	4.4649	5	2.209166949670898
vdw--P:HSE:137:CB--P:LEU:186:CD2	3.0804	0.5152	4	6.8009	1.0714	5	-2.2077742981155706
vdw--P:LEU:189:CD1--P:LEU:193:CD2	17.701	4.7866	4	8.0183	1.1550	5	2.2076566420048325
vdw--P:ARG:37:CA--P:HSE:33:O	69.500	15.648	4	31.614	23.562	5	2.198382917828568
vdw--P:HSE:137:CE1--P:LEU:189:CD1	23.293	8.0929	4	10.601	2.3938	5	2.1971606863346005
vdw--P:ARG:183:CB--P:ASN:244:ND2	3.3598	2.3684	4	7.3694	1.7651	5	-2.1933612799803166
vdw--P:CYS:170:SG--P:PHE:82:CD1	36.576	7.7853	4	16.739	12.454	5	2.1850875660855333
vdw--P:PHE:16:CE2--P:THR:56:CG2	3.5756	2.4359	4	7.8051	1.8133	5	-2.1828786741073856
wb2--P:ASP:2:OD2--P:GLY:70:N	2.3236	1.2695	4	5.0514	1.9826	5	-2.173896147230926
vdw--P:CYS:236:O--P:THR:264:CG2	8.3405	2.7799	4	3.8432	1.8425	5	2.1701743347020948
wb2--P:THR:156:N--P:THR:156:OG1	3.1516	1.8841	4	6.8052	1.3775	5	-2.1592710872872183
vdw--P:PHE:16:CD1--P:THR:56:O	48.716	15.833	4	22.582	15.188	5	2.157265997867736
vdw--P:CYS:127:O--P:TRP:131:CA	14.194	2.9207	4	6.5810	1.9133	5	2.156841718665397
vdw--P:SER:51:CB--P:TRP:131:CZ3	2.7872	1.3554	4	5.9742	2.0266	5	-2.1434394343633514
vdw--P:LEU:195:C--P:THR:198:OG1	9.1868	3.1394	4	4.2931	2.2418	5	2.1399080945308744
hbbb--P:ARG:211:N--P:SER:212:N	3.3719	2.2479	4	7.1882	1.6791	5	-2.131770494064593
vdw--P:LEU:61:CD1--P:PHE:82:CD1	7.6061	2.4295	4	16.194	6.5159	5	-2.1291169787659494
wb2--P:ARG:37:NE--P:ARG:37:O	2.4669	0.8902	4	5.2500	0.7392	5	-2.128157509161447
vdw--P:PHE:96:CZ--P:TRP:131:CD1	14.866	1.7244	4	6.9856	2.8198	5	2.1281102768193647
vdw--P:LEU:100:CD1--P:SER:41:OG	26.743	7.3557	4	12.583	10.062	5	2.125330506419541
vdw--P:SER:243:C--P:SER:247:OG	7.8273	3.3425	4	16.571	2.3141	5	-2.1170780388972146
wb2--P:ASN:241:ND2--P:LEU:190:O	14.614	3.6107	4	6.9554	4.2611	5	2.1011174322625363
vdw--P:ALA:30:CB--P:ILE:27:O	14.430	1.9322	4	30.029	8.2118	5	-2.0810580940889114
vdw--P:LEU:61:CB--P:PHE:82:CE1	16.544	2.9375	4	34.274	14.127	5	-2.0716196529150754
wb--P:GLY:180:N--P:SER:247:OG	4.7593	2.9904	4	9.8167	2.4726	5	-2.062626865001823
vdw--P:PHE:82:CD1--P:TRP:72:CZ3	41.173	7.1259	4	20.064	15.707	5	2.0520199409719697
hbbb--P:GLY:94:N--P:GLY:95:N	3.4911	0.9679	4	7.1512	1.7440	5	-2.04841429894014
vdw--P:ARG:37:NH1--P:HSE:33:CE1	9.6232	2.2049	4	4.7099	3.1730	5	2.0431918855842484
vdw--P:ALA:32:O--P:LEU:36:CG	37.933	5.3302	4	18.656	13.073	5	2.033268029936191
wb--P:GLU:172:OE2--P:LEU:171:O	7.2017	2.9578	4	14.573	4.4656	5	-2.0236041688182773
vdw--B:MK6:500:C3--P:VAL:141:CG1	18.209	1.0871	4	36.829	8.3328	5	-2.0225757383081935
wb2--P:TYR:122:OH--P:TYR:122:OH	7.9418	3.1824	4	16.013	2.0778	5	-2.01640028589744
vdw--P:ARG:28:O--P:THR:31:CA	14.753	5.7468	4	29.700	10.332	5	-2.0130691489959194
vdw--P:ILE:197:CD--P:LEU:193:CD1	19.527	2.6316	4	9.7056	2.7109	5	2.0119878348362388
vdw--P:CYS:127:CA--P:SER:123:O	20.651	4.9784	4	10.273	3.9372	5	2.0101694474050675
vdw--P:GLY:95:O--P:ILE:130:CD	35.787	2.8538	4	71.569	4.9211	5	-1.9998544203618205
wb2--P:ARG:218:NH1--P:ARG:221:NH2	7.8256	1.3867	4	3.9132	1.9522	5	1.9997953635646282
vdw--P:ASN:23:O--P:ILE:27:CA	21.247	3.1470	4	10.639	5.4949	5	1.9970844985918172
vdw--P:ALA:32:CA--P:ARG:28:O	15.352	5.7765	4	30.546	6.3621	5	-1.9897035589543355
vdw--B:MK6:500:O5--P:ARG:183:CD	11.956	5.8088	4	23.540	4.7691	5	-1.9688029143516705
vdw--P:LEU:135:N--P:PHE:88:CE2	11.476	1.1358	4	5.8367	2.0054	5	1.966268740565202
vdw--P:ILE:130:O--P:LEU:133:N	63.861	3.1156	4	32.482	2.0188	5	1.9660385467195052
lwb2--B:MK6:500:O5--P:GLU:172:OE1	10.528	2.0676	4	5.3799	1.2392	5	1.957044311815648
vdw--P:PHE:191:N--P:PRO:194:CD	18.937	1.8231	4	9.7300	2.0875	5	1.9463263013693977
vdw--P:ALA:30:CA--P:ILE:27:O	9.2709	2.0070	4	17.992	3.8041	5	-1.9407629384176575
vdw--P:PHE:16:CE1--P:THR:56:O	7.6532	2.2125	4	3.9534	2.1377	5	1.9358469273637617
vdw--P:LEU:138:CD1--P:PHE:88:N	25.658	3.8054	4	49.619	9.2618	5	-1.9338422683351437
vdw--P:PHE:191:O--P:PRO:194:CG	60.577	3.7885	4	31.395	4.8710	5	1.929463555618961
vdw--P:LEU:90:CD1--P:VAL:237:CG2	6.8360	2.4374	4	13.189	3.6055	5	-1.9294625533324596
vdw--P:LEU:90:CD1--P:VAL:237:CG1	18.642	3.0696	4	9.7079	4.7744	5	1.920392284429827
wb2--P:LYS:219:N--P:LYS:219:NZ	7.6077	2.2733	4	3.9817	2.0839	5	1.9106641091037626
vdw--P:ALA:98:C--P:GLY:95:O	24.894	5.1036	4	13.046	4.5475	5	1.908095604909146
wb2--P:ARG:218:NH2--P:PHE:110:O	5.9134	0.7175	4	3.0992	1.2076	5	1.9080475660345484
wb--P:HSE:216:O--P:LEU:214:O	5.1413	1.2520	4	2.7058	0.8271	5	1.9000820283439106
vdw--P:LEU:54:CD2--P:VAL:84:O	11.246	3.5254	4	5.9237	1.7655	5	1.8985849369277046
wb2--P:ARG:217:N--P:ARG:218:NH2	6.5848	1.4462	4	3.4691	1.3637	5	1.8981082357334575
vdw--P:LEU:22:CD2--P:PRO:273:CG	14.971	3.4951	4	7.8948	4.7324	5	1.8963138466089704
vdw--P:LEU:22:CG--P:PRO:273:CG	14.868	2.9584	4	7.8663	4.0866	5	1.8901580604363875
hbsb--P:PRO:181:O--P:SER:185:OG	8.3237	1.6929	4	15.728	3.9827	5	-1.8896033281079443
hbbb--P:ALA:129:O--P:ALA:132:N	18.050	1.6397	4	9.6202	2.4807	5	1.876336324747458
vdw--P:PHE:82:CD1--P:TRP:72:CH2	47.127	7.7119	4	25.347	16.532	5	1.859231308182116
vdw--P:ASN:47:ND2--P:CYS:127:CB	20.768	5.9113	4	11.228	4.0618	5	1.849550302528643
vdw--P:LEU:100:CB--P:TYR:44:CB	18.109	3.7188	4	9.8251	1.0871	5	1.843146213200912
vdw--P:GLY:93:C--P:LEU:48:CD1	15.130	1.6888	4	8.2357	1.5056	5	1.8371485029867087
vdw--P:GLU:103:CG--P:TYR:44:CE2	13.636	2.6805	4	7.4480	4.4846	5	1.8308373667854716
vdw--P:ASN:47:OD1--P:TRP:131:CD1	15.176	2.7189	4	8.3011	1.8529	5	1.8282531111496285
vdw--P:SER:123:O--P:TYR:44:CE1	19.119	7.5867	4	34.856	8.6064	5	-1.823111607268005
vdw--P:ALA:30:O--P:ALA:42:CB	61.124	4.5088	4	33.693	15.460	5	1.814167843445356
vdw--B:MK6:500:O--P:LEU:138:C	19.728	10.103	4	35.689	7.7378	5	-1.8090527596510966
vdw--P:LEU:138:CD1--P:PHE:87:C	23.003	5.8290	4	41.314	2.8125	5	-1.7960540634900521
vdw--P:CYS:50:N--P:ILE:27:CG1	14.570	2.5247	4	8.1365	2.9351	5	1.7907325762309063
wb2--P:ARG:217:N--P:ARG:218:NE	8.6169	2.4871	4	4.8122	1.7753	5	1.7906377297208018
wb2--P:GLN:115:NE2--P:GLY:113:O	9.9156	2.5729	4	5.5398	2.6110	5	1.7898879349036436
vdw--P:LEU:138:CD2--P:PHE:88:N	12.440	2.3284	4	6.9620	2.6249	5	1.7868327757466123
wb--P:PRO:176:O--P:SER:247:OG	26.607	5.9040	4	47.419	13.850	5	-1.7821687192216156
vdw--P:ALA:30:N--P:ILE:27:C	4.0284	1.7296	4	7.1790	1.9852	5	-1.782103980675958
vdw--P:LEU:186:CD2--P:VAL:141:CG2	28.409	5.3192	4	15.962	4.1470	5	1.7798123455832453
vdw--P:GLY:49:O--P:ILE:27:CD	38.547	5.5501	4	21.684	6.6205	5	1.7776683305566583
vdw--P:ARG:28:C--P:LEU:25:O	24.043	8.3533	4	42.700	9.7375	5	-1.7759441514548886
vdw--P:ASN:241:CB--P:PHE:191:CG	39.169	3.3401	4	22.223	4.4010	5	1.7625640099802304
vdw--P:LEU:138:CA--P:LEU:186:CD2	17.260	3.3381	4	9.8283	2.0912	5	1.756204762164631
vdw--P:PRO:273:C--P:THR:276:OG1	36.468	5.0552	4	20.774	12.252	5	1.7554226903729622
vdw--P:ALA:177:O--P:ALA:179:N	18.507	5.4205	4	32.454	9.1544	5	-1.7535776801605882
hbsb--P:SER:243:O--P:SER:247:OG	33.562	13.632	4	58.557	9.8371	5	-1.7447361815071347
vdw--P:HSE:137:ND1--P:LEU:186:CD2	19.623	2.5785	4	34.064	5.0118	5	-1.735924343520273
vdw--P:CYS:79:C--P:PHE:82:N	13.684	1.3008	4	7.8929	2.4071	5	1.7337743902895144
vdw--P:PRO:181:O--P:SER:185:OG	10.045	3.0930	4	17.362	4.5207	5	-1.7283253953843176
wb2--P:HSE:33:ND1--P:HSE:33:ND1	9.8419	1.1992	4	16.938	4.5071	5	-1.7210664077836235
wb2--P:ARG:183:NH2--P:SER:243:OG	11.061	4.6041	4	18.967	4.3682	5	-1.7148033096548443
vdw--P:ASN:244:OD1--P:TYR:240:CD1	13.492	5.8936	4	23.107	3.0954	5	-1.7126371154782027
wb2--P:ALA:116:O--P:ALA:116:O	10.685	3.6171	4	18.224	4.0697	5	-1.7054904773656885
wb2--P:ASP:52:OD1--P:THR:276:OG1	55.766	11.631	4	32.698	17.299	5	1.705480219130308
vdw--P:TRP:131:O--P:VAL:134:CB	10.587	1.8229	4	6.2317	1.6465	5	1.6989564386077325
vdw--P:ALA:208:O--P:ARG:211:CB	35.537	8.3310	4	20.917	8.1647	5	1.698938379472073
vdw--P:PHE:88:CB--P:VAL:84:CA	6.2216	1.3705	4	3.6626	1.3938	5	1.6987050742294054
vdw--P:LEU:186:O--P:TYR:91:CE1	6.7748	2.1257	4	11.498	2.3011	5	-1.6972140455399383
vdw--P:LEU:186:CD1--P:TYR:91:OH	15.111	2.7463	4	8.9226	4.2859	5	1.69365068922239
hbbb--P:HSE:216:O--P:LYS:219:N	26.366	5.3433	4	44.629	8.5834	5	-1.6926778905789968
vdw--P:LEU:189:O--P:LEU:193:CB	55.901	2.4905	4	33.100	3.0329	5	1.688845756554635
hbsb--P:ALA:42:N--P:SER:41:OG	6.0575	1.7620	4	10.108	1.5528	5	-1.668682573183154
hbbb--P:ALA:99:N--P:PHE:96:O	19.917	2.0745	4	33.226	2.2517	5	-1.6682191780055053
vdw--P:ASN:244:CG--P:TYR:240:CE1	17.378	2.2377	4	28.822	4.2645	5	-1.6585054168000049
vdw--P:ALA:99:CB--P:TYR:44:CZ	23.040	4.0818	4	38.211	10.656	5	-1.6584560116775502
vdw--P:ASP:2:CB--P:SER:256:OG	9.3754	3.1160	4	15.540	2.9836	5	-1.6576245757155865
vdw--P:PRO:5:CB--P:SER:69:OG	6.1754	1.6719	4	10.229	2.3929	5	-1.6564111040931762
vdw--P:PHE:88:CE1--P:TRP:131:O	27.385	8.3440	4	45.270	9.9969	5	-1.6530837117400645
wb--P:ASN:272:ND2--P:THR:232:OG1	10.952	2.9523	4	18.036	3.9897	5	-1.6467365146492723
vdw--P:ALA:98:C--P:SER:101:N	26.635	1.1424	4	16.196	3.3208	5	1.6445164980019489
vdw--P:LYS:62:CE--P:PHE:82:CZ	9.6095	1.8513	4	5.8517	2.4236	5	1.6421651551869476
vdw--P:LEU:188:CA--P:PHE:184:O	20.142	4.4002	4	33.068	3.5854	5	-1.6417429920582727
hbbb--P:ILE:130:O--P:LEU:133:N	22.183	3.2065	4	13.550	2.1423	5	1.6371339085974115
wb2--P:ALA:177:N--P:ASN:252:OD1	3.5648	1.3734	4	5.8286	1.4673	5	-1.6350215914543853
vdw--P:GLY:94:C--P:PRO:194:CB	19.639	3.5311	4	12.056	5.2239	5	1.628884011812885
vdw--P:ALA:108:C--P:ALA:208:CB	9.9698	3.4048	4	16.211	2.7610	5	-1.6260586721191859
vdw--P:ALA:30:CB--P:LEU:46:N	45.744	6.2254	4	28.244	11.207	5	1.6195677905021637
vdw--P:ALA:128:C--P:TRP:131:N	9.3313	1.5558	4	5.7641	2.0301	5	1.6188545439671693
vdw--P:HSE:216:O--P:LYS:219:N	38.279	7.2513	4	61.939	14.402	5	-1.6180996040167912
vdw--P:ASN:47:CB--P:PHE:96:CZ	38.829	3.8957	4	62.780	13.159	5	-1.616803913933324
vdw--P:PHE:142:CZ--P:PRO:80:CB	5.1280	1.8415	4	8.2791	1.0013	5	-1.6144873458081208
vdw--P:PHE:88:CD2--P:VAL:134:CG2	24.063	2.7895	4	14.912	4.7242	5	1.6136885015618114
vdw--P:ASN:241:ND2--P:PHE:191:CB	37.332	4.3187	4	23.173	1.2510	5	1.6110164742865904
vdw--P:ALA:226:CB--P:CYS:205:SG	17.926	5.6531	4	28.618	7.1406	5	-1.5964426393565514
vdw--P:TYR:91:CB--P:VAL:134:CG2	47.960	8.2537	4	76.275	4.1643	5	-1.5903919071174784
vdw--P:ARG:28:N--P:LEU:25:C	14.078	3.3499	4	22.384	3.8167	5	-1.589977003700412
wb--P:GLY:107:O--P:LYS:219:NZ	12.098	4.5401	4	19.206	4.1473	5	-1.5874807634623134
vdw--P:GLY:70:C--P:VAL:169:CG1	9.3342	2.0163	4	5.8826	0.4999	5	1.5867451461008495
vdw--P:LEU:188:CD1--P:PHE:184:CD1	7.9739	1.5864	4	5.0372	1.1637	5	1.5829928080393483
vdw--P:HSE:137:ND1--P:LEU:189:CD2	31.225	4.5897	4	49.403	3.3423	5	-1.5821619681582408
vdw--P:CYS:201:SG--P:TYR:105:CB	21.092	4.4279	4	13.335	4.3469	5	1.581614543934413
hbbb--P:HSE:216:O--P:LEU:220:N	47.115	15.101	4	74.426	11.841	5	-1.5796635456286088
vdw--P:ASN:244:O--P:SER:247:CB	45.083	3.4994	4	28.583	3.9232	5	1.5772418667727182
vdw--P:HSE:216:O--P:LEU:220:N	48.735	15.394	4	76.615	11.423	5	-1.572082391015544
wb--P:HSE:216:N--P:THR:215:OG1	5.7385	1.0248	4	3.6604	0.6624	5	1.5677268719337838
wb--P:LYS:259:NZ--P:SER:8:OG	6.4541	0.8515	4	10.094	2.8233	5	-1.5640041033780656
vdw--P:HSE:216:O--P:LEU:220:CB	35.962	12.452	4	56.095	12.190	5	-1.559860907908989
vdw--P:ALA:128:N--P:GLY:125:C	17.508	3.9039	4	27.304	2.9327	5	-1.5594723655153135
vdw--P:ASN:241:CB--P:GLY:238:O	19.116	2.4985	4	29.792	3.6755	5	-1.558479521089307
vdw--P:LEU:233:O--P:VAL:237:CG2	39.323	4.0199	4	25.241	4.9431	5	1.5578669894444859
vdw--P:PRO:120:C--P:SER:123:N	21.124	7.0294	4	32.727	6.2511	5	-1.549258760941917
vdw--P:ILE:197:C--P:PHE:200:N	16.924	1.0435	4	26.064	2.5748	5	-1.540022307406984
vdw--P:ALA:102:N--P:ALA:99:C	22.718	3.2936	4	34.905	8.4015	5	-1.5364399068843986
vdw--P:LEU:138:CD2--P:PHE:87:CB	5.7243	1.2947	4	8.7680	1.6240	5	-1.5316986863538273
wb--P:ARG:217:NE--P:ARG:217:NH2	28.532	2.7463	4	43.582	5.1243	5	-1.5274800776712438
vdw--P:CYS:201:CB--P:SER:101:CB	27.584	5.2208	4	42.128	10.892	5	-1.527231586037452
wb2--P:ARG:221:NH2--P:ARG:221:NH2	17.611	3.2125	4	11.604	3.4722	5	1.517577365825358
vdw--P:ALA:128:O--P:TRP:131:CB	40.582	3.9886	4	26.744	2.7419	5	1.5174023030286499
vdw--P:LEU:188:O--P:PHE:192:N	28.469	5.9002	4	18.776	4.2862	5	1.5162417886856911
wb2--P:ARG:211:NH1--P:ARG:211:NH2	14.892	2.4470	4	22.579	4.7099	5	-1.5161611364417213
vdw--P:ILE:130:CG2--P:PHE:96:CZ	57.668	7.6065	4	86.912	1.7238	5	-1.5071087352787378
vdw--P:ILE:197:CD--P:LEU:193:O	43.765	3.8450	4	29.047	3.0483	5	1.506682155917646
vdw--P:ARG:28:O--P:THR:31:N	42.862	8.1542	4	64.578	8.5333	5	-1.5066321616057061
vdw--P:GLY:93:N--P:SER:51:OG	13.011	0.8866	4	8.6568	3.1576	5	1.5029766447333348
wb2--P:ASP:2:OD2--P:SER:256:N	6.9218	1.7104	4	10.362	2.3478	5	-1.4970076396120908
vdw--P:ALA:26:O--P:ALA:30:CA	63.967	5.8114	4	42.803	13.680	5	1.4944444095229763
vdw--P:ASN:244:O--P:SER:247:CA	23.613	1.1837	4	15.849	3.4001	5	1.4898085829046208
vdw--P:ALA:128:CA--P:GLY:125:O	28.971	4.0179	4	43.123	2.0420	5	-1.4884645356675275
vdw--P:ALA:132:O--P:LEU:135:C	17.775	2.9166	4	11.952	1.4475	5	1.4872025589958338
vdw--P:ALA:98:CA--P:GLY:95:O	33.833	5.8170	4	22.814	6.3531	5	1.4829709397152697
vdw--P:GLY:49:C--P:ILE:27:CG1	54.288	4.0086	4	36.656	8.5474	5	1.4809883093457261
vdw--P:TYR:44:CE1--P:VAL:126:CG1	23.170	3.1576	4	34.302	8.0628	5	-1.4804396922415575
vdw--P:CYS:201:SG--P:ILE:197:C	17.229	1.4938	4	11.696	1.9463	5	1.4729802156312648
wb2--P:ARG:119:NH1--P:ARG:119:NH2	17.229	4.9683	4	25.334	3.0827	5	-1.470379241682318
wb2--P:ARG:221:NH1--P:ARG:221:NH2	26.607	3.2718	4	18.112	5.3323	5	1.4689810040717373
vdw--P:GLY:180:O--P:PHE:184:CA	25.382	1.6699	4	37.236	4.5742	5	-1.4670363349143978
vdw--P:ALA:30:C--P:ILE:27:O	15.391	3.3216	4	22.533	3.4224	5	-1.4639808964928998
vdw--P:ILE:197:CB--P:LEU:193:O	43.158	8.8755	4	29.486	3.3246	5	1.4637075313400945
vdw--P:ALA:92:CB--P:SER:51:OG	15.465	2.0444	4	10.568	3.1750	5	1.4633815240034453
vdw--P:ILE:130:CD--P:VAL:126:O	52.336	3.6753	4	76.508	3.3847	5	-1.4618582306358159
vdw--P:TRP:124:CG--P:VAL:43:CG1	33.266	5.2869	4	22.781	5.5244	5	1.460258880543293
vdw--P:HSE:137:CE1--P:SER:185:OG	45.000	6.6885	4	30.844	4.4259	5	1.4589598987139392
vdw--P:HSE:137:ND1--P:LEU:189:CB	7.3878	1.4801	4	5.0746	0.8624	5	1.4558380787309957
vdw--P:PHE:192:CA--P:SER:187:O	16.211	2.6797	4	11.162	1.0699	5	1.452370119169102
vdw--P:LEU:190:C--P:PRO:194:CG	59.447	1.8943	4	41.096	5.5862	5	1.44651306261701
vdw--P:HSE:137:CE1--P:LEU:186:CD2	30.353	8.8464	4	43.772	5.3157	5	-1.4421007089563609
vdw--P:CYS:170:CB--P:TRP:72:CZ3	15.585	2.8329	4	10.822	2.5109	5	1.4400810792711707
vdw--P:PHE:202:CA--P:THR:198:O	34.301	2.0787	4	23.829	5.1564	5	1.439463829309634
vdw--P:GLY:95:O--P:LEU:97:N	36.196	2.8117	4	25.219	5.4374	5	1.4352766288064605
vdw--P:PHE:96:CZ--P:TRP:131:CD2	54.021	10.833	4	37.677	7.0716	5	1.4337785597590003
vdw--P:TRP:124:CD1--P:VAL:43:CG1	24.719	2.8682	4	17.253	5.5797	5	1.432770675282764
vdw--P:LEU:231:CG--P:LEU:235:CD1	8.3400	1.5529	4	11.913	2.2364	5	-1.428424304090867
vdw--P:ALA:129:O--P:ALA:132:N	64.953	1.9881	4	45.486	6.7038	5	1.4279664860937402
vdw--P:GLY:93:O--P:LEU:48:CD1	68.562	2.4312	4	48.042	7.1982	5	1.4270987085207985
vdw--P:HSE:137:CE1--P:LEU:189:CD2	25.936	3.5684	4	37.001	3.7488	5	-1.4266015530320495
wb--P:ARG:211:NH1--P:ARG:211:NH2	22.556	3.5228	4	32.178	5.4177	5	-1.4265671148005619
vdw--P:LEU:188:O--P:LEU:193:CB	49.458	4.1302	4	34.670	6.9364	5	1.4265324924328717
wb--P:ARG:28:NH1--P:ARG:28:NH2	19.667	2.7964	4	13.796	2.0875	5	1.425530882068754
vdw--P:ASN:47:ND2--P:TRP:124:CE3	28.972	2.8424	4	20.349	5.6879	5	1.4237589765702203
vdw--P:PHE:88:CE1--P:TRP:131:CZ3	13.112	2.5332	4	9.2311	2.0347	5	1.4204820403540033
vdw--P:ALA:108:O--P:ALA:208:CB	21.468	2.3075	4	30.338	5.5641	5	-1.4131388230169257
vdw--P:PHE:88:O--P:VAL:134:CG2	47.489	2.9288	4	66.992	7.9318	5	-1.410684772585252
vdw--P:LEU:46:CD2--P:TRP:124:CZ2	34.623	0.5234	4	24.560	7.3187	5	1.4097252396800715
vdw--P:CYS:127:O--P:ILE:130:C	44.513	4.7216	4	31.588	3.5994	5	1.4091746723649499
vdw--P:ALA:128:O--P:ALA:132:CA	35.277	5.2861	4	49.597	5.7317	5	-1.4059196348655816
hbbb--P:CYS:127:N--P:TRP:124:O	20.145	4.5183	4	28.169	3.0349	5	-1.398263045938456
vdw--P:ALA:98:CB--P:PRO:194:O	41.360	5.0242	4	29.712	7.4911	5	1.3920276107606346
vdw--P:CYS:127:CB--P:SER:123:O	69.687	6.7950	4	50.242	11.016	5	1.387016413408565
vdw--P:PHE:191:CD1--P:VAL:237:CG1	36.630	4.9422	4	50.782	9.9626	5	-1.386347031093848
wb--P:GLY:254:O--P:LEU:253:O	22.196	4.0614	4	30.619	3.9651	5	-1.3794851348212407
wb2--P:SER:256:N--P:SER:256:OG	12.881	1.2924	4	9.3453	2.4998	5	1.378346862524018
vdw--P:VAL:81:O--P:VAL:84:CA	22.443	1.4526	4	16.306	3.7771	5	1.3763552834084076
wb2--P:SER:256:OG--P:SER:256:OG	13.172	0.9183	4	9.5839	1.5328	5	1.3744608884161427
vdw--P:GLY:180:N--P:SER:178:O	30.719	3.1633	4	42.191	8.4109	5	-1.3734427920720302
vdw--P:CYS:127:C--P:TRP:124:O	36.753	5.9880	4	50.397	4.4696	5	-1.3712055664797924
vdw--P:ARG:183:C--P:GLY:180:O	20.624	4.6559	4	28.138	1.6048	5	-1.3643369985489378
vdw--P:ARG:218:N--P:HSE:216:O	49.876	4.6320	4	67.953	5.0930	5	-1.36243382282593
vdw--P:ALA:14:O--P:LEU:18:CA	12.518	2.7321	4	17.054	2.3551	5	-1.3623577327266916
vdw--P:HSE:137:CG--P:LEU:186:CD2	51.189	10.653	4	69.492	6.2333	5	-1.3575558716122014
vdw--P:LEU:22:CD1--P:VAL:270:O	12.587	1.8720	4	17.079	2.3979	5	-1.3568283081360604
vdw--P:ALA:26:O--P:GLY:29:CA	21.557	2.7633	4	29.148	5.0524	5	-1.3521254107201894
vdw--P:ALA:98:O--P:SER:101:CA	49.988	2.8075	4	37.084	3.2149	5	1.347979752858573
vdw--P:ASN:244:C--P:SER:247:N	14.574	1.3513	4	10.820	1.9378	5	1.3469510038476469
vdw--P:ALA:98:O--P:SER:101:C	38.783	3.0906	4	28.926	5.0921	5	1.3407564242486965
vdw--P:ALA:196:CA--P:PHE:192:O	44.079	5.8864	4	32.941	2.2915	5	1.3381132464323116
vdw--P:CYS:127:N--P:TRP:124:C	30.518	5.0823	4	40.817	2.4640	5	-1.3374631239419463
vdw--P:ILE:27:CD--P:LEU:53:CD2	63.747	9.7521	4	47.747	5.3730	5	1.3350860473902855
vdw--P:TRP:131:O--P:VAL:134:N	28.302	3.1471	4	21.210	2.8113	5	1.3343506904664302
vdw--P:GLU:103:N--P:LEU:100:C	21.879	2.8860	4	29.159	4.2263	5	-1.332763137533857
vdw--P:ASN:244:ND2--P:TYR:240:CE1	34.100	6.2539	4	45.339	5.0458	5	-1.329574246773668
vdw--P:ALA:102:CA--P:ALA:99:O	43.645	5.3473	4	58.000	5.0888	5	-1.328922512011761
vdw--P:LEU:271:N--P:SER:268:C	24.470	3.3289	4	18.437	2.5635	5	1.3271966196660991
vdw--P:LEU:138:CD1--P:VAL:134:CG2	48.765	6.5563	4	64.646	5.5212	5	-1.3256564475808263
vdw--P:ARG:217:O--P:ARG:221:CG	59.112	6.3482	4	78.088	10.753	5	-1.3210226888267902
vdw--P:GLU:103:O--P:TYR:105:N	43.328	4.4580	4	32.819	7.2920	5	1.3202064903605761
vdw--P:ALA:226:CA--P:SER:101:OG	35.644	3.8533	4	27.022	5.4743	5	1.3190814741560275
hbbb--P:ILE:130:O--P:VAL:134:N	89.923	2.0193	4	68.266	3.0195	5	1.3172537062975085
vdw--P:ALA:129:O--P:TRP:131:N	33.290	3.3505	4	25.296	2.8002	5	1.3160089276216773
vdw--P:CYS:127:O--P:TRP:131:CB	53.751	1.8289	4	40.880	4.4956	5	1.314846210724207
vdw--P:ALA:132:C--P:CYS:136:SG	8.4249	0.8590	4	6.4098	1.5598	5	1.3143854307123797
vdw--P:GLY:94:O--P:LEU:97:CB	53.627	5.6960	4	40.813	2.7783	5	1.3139574042920263
vdw--P:ALA:199:O--P:PHE:202:C	18.340	2.2018	4	24.071	4.4848	5	-1.3124614255657183
vdw--P:PHE:88:CE2--P:TRP:131:CZ3	12.968	0.7812	4	9.8836	0.9029	5	1.3120872571517448
vdw--P:ALA:85:N--P:PHE:82:C	42.935	2.4034	4	32.726	7.7321	5	1.3119222882125474
vdw--P:HSE:137:CE1--P:LEU:186:CA	53.811	10.890	4	70.574	4.2435	5	-1.3115342566070451
vdw--P:ARG:28:CA--P:LEU:25:O	35.075	5.7337	4	45.928	5.1874	5	-1.3094051707583974
vdw--P:GLY:49:C--P:ILE:27:CD	61.650	1.8720	4	47.205	5.3043	5	1.3059969325798169
vdw--P:GLY:70:O--P:VAL:169:CG1	36.482	3.2309	4	27.996	4.5494	5	1.3031064463982702
vdw--P:CYS:127:CA--P:TRP:124:O	46.603	6.7976	4	60.716	5.6289	5	-1.3028293246971063
vdw--P:LEU:61:C--P:VAL:64:N	11.155	0.8234	4	14.519	1.2868	5	-1.3015523596241454
vdw--P:ASN:23:O--P:ILE:27:CB	71.228	6.8668	4	54.768	9.9212	5	1.3005360391040552
vdw--P:PHE:88:CE1--P:TRP:131:CE3	31.432	5.3807	4	40.869	3.5244	5	-1.3002378105676409
vdw--P:ALA:98:O--P:LEU:100:N	42.039	1.9881	4	32.408	2.3923	5	1.297177761191324
vdw--P:PHE:88:CZ--P:TRP:131:CZ3	40.511	2.4988	4	31.233	1.1999	5	1.2970711336977538
vdw--P:CYS:79:O--P:PHE:82:CA	40.243	1.6055	4	31.026	5.4321	5	1.2970672514217556
vdw--P:ALA:132:N--P:ILE:130:O	71.608	4.5083	4	55.242	2.8585	5	1.2962641805251358
vdw--P:ALA:102:C--P:ALA:99:O	32.692	4.6428	4	42.186	3.9082	5	-1.2904000980833297
hbbb--P:CYS:136:N--P:LEU:133:O	18.045	2.6325	4	23.274	2.8749	5	-1.2897686754831814
vdw--P:LEU:138:CD2--P:LEU:186:CD1	41.481	3.7492	4	53.470	3.5458	5	-1.2890317949620353
vdw--P:ALA:129:O--P:LEU:133:CA	55.565	1.4815	4	43.130	3.5038	5	1.2883208465967144
wb2--P:GLY:166:O--P:SER:167:OG	13.595	2.1941	4	17.497	2.2556	5	-1.2870262089270637
vdw--P:LEU:188:O--P:PHE:192:CB	46.345	2.8146	4	36.190	2.2327	5	1.2806032078490295
vdw--P:GLY:93:CA--P:LEU:48:CD1	48.926	6.5466	4	38.287	6.2610	5	1.2778539414150318
vdw--P:CYS:136:CB--P:LEU:133:O	19.100	1.3703	4	24.400	3.0480	5	-1.2775056234008948
vdw--P:SER:41:N--P:THR:39:O	68.442	12.328	4	87.324	5.9640	5	-1.2758753876522242
vdw--P:CYS:201:C--P:THR:198:O	33.018	1.2788	4	25.900	2.5827	5	1.2748016593210654
vdw--P:ALA:102:C--P:TYR:105:N	28.315	1.0265	4	36.079	4.9575	5	-1.2742086336341722
vdw--P:PHE:191:CE1--P:VAL:237:C	19.132	2.2064	4	15.073	2.6566	5	1.2693150711025394
vdw--P:ASN:23:O--P:ILE:27:CD	65.510	8.6537	4	51.906	6.5944	5	1.2620782924368739
wb--P:HSE:33:ND1--P:HSE:33:NE2	18.442	1.9688	4	23.222	1.6632	5	-1.2592249054364189
vdw--B:MK6:500:C5--P:LEU:138:CD2	55.959	6.0812	4	70.286	9.7386	5	-1.2560239341369521
vdw--P:ALA:98:N--P:PHE:96:O	43.487	2.4535	4	54.475	3.5650	5	-1.2526593439988623
vdw--P:ALA:99:C--P:PHE:96:O	37.149	3.5081	4	46.488	4.5608	5	-1.2513684341036635
vdw--P:ASN:241:ND2--P:VAL:237:CG1	55.515	7.0053	4	69.125	6.2601	5	-1.2451559884053731
vdw--P:ALA:63:CA--P:TYR:12:CB	20.733	2.8546	4	25.816	2.3126	5	-1.245149998981591
hbbb--P:CYS:127:O--P:ILE:130:N	43.342	2.5555	4	53.891	2.9485	5	-1.2433801044231436
hbbb--P:ALA:128:N--P:GLY:125:O	23.247	2.0616	4	28.817	2.8229	5	-1.2395782787535146
vdw--P:LEU:158:O--P:PRO:80:CD	63.663	4.8623	4	51.448	5.2058	5	1.2374265666431628
vdw--P:ARG:183:O--P:LEU:186:CA	24.154	2.3670	4	29.804	3.9640	5	-1.2339444691444255
vdw--P:CYS:127:CB--P:TRP:124:O	62.959	6.5063	4	77.626	3.7118	5	-1.2329590611992267
vdw--P:ALA:63:C--P:PRO:60:O	22.429	1.5214	4	27.637	4.0882	5	-1.2321553614973337
vdw--P:LEU:233:O--P:VAL:237:CA	45.217	5.0303	4	55.662	4.1913	5	-1.2309857642770847
hbbb--P:LEU:231:O--P:LEU:234:N	19.961	1.7290	4	24.506	2.7184	5	-1.227669990963798
vdw--P:ALA:199:O--P:PHE:202:CA	34.200	3.6250	4	41.874	3.1209	5	-1.2243712563333353
vdw--P:ASN:47:O--P:CYS:50:C	36.473	4.8025	4	44.418	4.0166	5	-1.2178324042307553
vdw--P:LEU:138:CD2--P:LEU:186:CD2	47.795	4.1951	4	58.023	3.2001	5	-1.2140018896394384
vdw--P:ILE:130:O--P:VAL:134:N	93.400	1.7707	4	76.953	2.6665	5	1.2137141675055738
vdw--P:ALA:98:N--P:GLY:95:O	70.618	2.4197	4	58.360	8.0229	5	1.2100421467570819
hbbb--P:PHE:184:N--P:PRO:181:O	26.532	2.1259	4	21.959	2.1128	5	1.20823455415208
hbbb--P:GLY:227:O--P:LEU:230:N	18.383	2.4609	4	22.196	0.6802	5	-1.2074647100722395
vdw--P:LEU:138:CD1--P:PHE:88:CA	66.297	5.7899	4	79.822	4.3923	5	-1.2040082808073125
vdw--P:TRP:124:O--P:VAL:126:N	30.881	2.9907	4	37.129	2.8610	5	-1.202326717855575
vdw--P:CYS:127:O--P:ILE:130:CB	70.027	4.9003	4	84.152	2.7538	5	-1.201696908393046
vdw--P:ASP:52:OD1--P:LEU:48:O	87.711	5.2270	4	73.090	11.845	5	1.2000395951027742
vdw--P:GLY:93:O--P:PHE:96:CB	51.606	4.7562	4	61.886	4.7736	5	-1.1992148702909506
vdw--P:LEU:195:O--P:THR:198:CB	56.038	5.2111	4	67.195	5.6872	5	-1.1990998665812413
hbbb--P:LEU:188:O--P:LEU:193:N	88.581	3.0625	4	73.901	8.0814	5	1.1986374088573954
vdw--P:ASN:241:CG--P:PHE:191:CB	86.390	1.8776	4	72.172	1.2191	5	1.1969974105302477
vdw--P:ASN:244:O--P:SER:247:N	62.543	5.2767	4	52.341	4.6319	5	1.19490476255596
vdw--P:GLY:125:N--P:TYR:122:C	57.083	0.8377	4	68.081	6.3050	5	-1.1926637524579335
vdw--P:ARG:104:CG--P:LEU:100:O	82.045	5.0421	4	69.220	9.0450	5	1.1852837418070343
vdw--P:ASN:47:O--P:CYS:50:CA	37.381	4.1699	4	43.972	2.8446	5	-1.1763187351260298
vdw--P:PHE:191:C--P:PRO:194:CD	85.090	1.8794	4	72.460	4.6161	5	1.1743061617664565
vdw--P:GLY:49:N--P:LEU:46:C	38.132	2.9304	4	32.481	2.3267	5	1.1739668670591412
vdw--P:LEU:249:CD1--P:VAL:245:O	23.219	1.6675	4	27.242	2.8633	5	-1.173245877820541
vdw--P:ALA:98:O--P:SER:101:N	83.134	2.0325	4	70.890	2.8717	5	1.1727095636419615
vdw--P:GLU:65:N--P:LYS:62:C	24.284	0.8699	4	20.743	1.1069	5	1.170726093859565
vdw--P:SER:123:O--P:VAL:126:CB	65.889	1.7538	4	76.980	3.6471	5	-1.1683359498239296
vdw--P:ASN:47:O--P:CYS:50:CB	52.191	2.2011	4	60.928	5.3070	5	-1.1673949409604942
vdw--P:GLU:103:CB--P:LEU:100:O	70.880	3.1781	4	82.735	4.9168	5	-1.167249115381161
vdw--P:PHE:96:CZ--P:TRP:131:CZ2	53.370	5.3956	4	62.242	5.2019	5	-1.1662386455419687
hbbb--P:LEU:271:N--P:SER:268:O	46.836	3.6993	4	40.239	3.2886	5	1.16395019712967
vdw--P:ALA:102:CB--P:ALA:99:O	70.648	1.6154	4	81.820	3.7562	5	-1.1581292049313803
vdw--P:LEU:190:C--P:PRO:194:CD	27.497	2.6279	4	31.814	2.7752	5	-1.1569869724259114
vdw--P:ALA:199:O--P:CYS:201:N	48.616	2.6088	4	56.068	4.2117	5	-1.1532863435209055
hbbb--P:ALA:102:N--P:ALA:99:O	33.410	1.3875	4	38.530	3.0540	5	-1.153263129088032
vdw--P:TRP:124:CE2--P:VAL:43:CG1	75.951	4.2798	4	66.119	1.5814	5	1.1486882880251077
vdw--P:CYS:205:CB--P:PHE:202:O	66.274	5.6743	4	76.053	5.4542	5	-1.1475520280589684
vdw--P:ALA:99:CB--P:GLY:95:O	88.767	2.8336	4	77.418	4.8830	5	1.1465953187539963
vdw--P:GLY:49:C--P:LEU:46:O	51.814	2.8248	4	45.227	3.5746	5	1.1456486145124172
vdw--P:LEU:188:O--P:LEU:193:N	91.443	3.0236	4	79.850	6.8752	5	1.1451868738857904
hbbb--P:ALA:98:O--P:SER:101:N	32.809	2.1645	4	28.655	1.8711	5	1.1449573937235373
vdw--P:LEU:138:CG--P:VAL:134:O	73.757	3.2775	4	84.307	2.4781	5	-1.143030532936221
vdw--P:LEU:195:CA--P:PHE:192:O	33.906	1.3876	4	38.625	2.8544	5	-1.139185250778353
vdw--P:ARG:221:O--P:TRP:224:CA	46.435	3.6541	4	52.712	2.6713	5	-1.1351732252395077
vdw--P:ALA:66:CA--P:LYS:62:O	36.316	1.9264	4	32.015	2.7980	5	1.1343467460018453
vdw--P:ALA:128:N--P:GLY:125:O	68.063	4.0917	4	77.089	1.1907	5	-1.132623439514248
vdw--P:CYS:79:O--P:PHE:82:N	76.199	1.6676	4	67.296	5.1447	5	1.1322923463610446
vdw--P:CYS:127:N--P:GLY:125:O	39.676	2.8622	4	44.915	2.8881	5	-1.1320294454980346
vdw--P:ALA:17:O--P:PRO:21:CG	51.693	3.0832	4	58.505	3.3793	5	-1.1317738681201148
hbbb--P:ALA:129:N--P:VAL:126:O	43.695	3.1119	4	38.668	2.0769	5	1.1299965033906165
vdw--P:CYS:236:CA--P:THR:232:O	59.786	3.5270	4	67.542	4.7302	5	-1.129722504083339
vdw--P:LEU:195:CB--P:PHE:192:O	64.163	2.8994	4	72.420	3.4133	5	-1.1286894047019567
vdw--P:HSE:137:N--P:VAL:134:O	58.335	4.6976	4	65.716	2.9766	5	-1.1265288553339652
vdw--P:LEU:195:O--P:THR:198:CA	45.820	2.7293	4	51.485	4.3026	5	-1.123633837163122
vdw--P:PRO:80:CD--P:SER:77:O	72.854	1.9606	4	65.071	5.2999	5	1.1196161422060043
vdw--P:PRO:181:O--P:SER:185:CB	80.067	4.8744	4	71.820	1.9173	5	1.1148264221188702
vdw--P:ALA:102:N--P:ALA:99:O	79.351	2.9435	4	88.030	1.6445	5	-1.1093747047966933
vdw--P:GLY:93:O--P:LEU:97:CG	77.909	5.2423	4	86.349	4.5776	5	-1.1083403954142705
vdw--P:ALA:132:O--P:VAL:134:N	47.300	1.1081	4	52.414	1.4600	5	-1.108134689666261
vdw--P:ALA:99:N--P:PHE:96:O	75.483	2.2058	4	83.308	2.2469	5	-1.1036651987386652
vdw--P:ALA:229:O--P:LEU:231:N	47.577	1.8008	4	43.280	1.3305	5	1.0992834833864662
vdw--P:ASN:47:O--P:CYS:50:N	74.952	3.7659	4	81.947	3.3431	5	-1.0933245071994628
vdw--P:ILE:130:O--P:VAL:134:CB	73.082	3.7973	4	66.938	1.7376	5	1.0917886275293995
vdw--P:ALA:199:O--P:PHE:202:N	73.349	3.9571	4	79.988	2.6765	5	-1.0905134592422294
vdw--P:ALA:242:N--P:TYR:240:O	51.954	2.6598	4	56.566	2.6424	5	-1.0887546321842672
vdw--P:CYS:127:SG--P:TYR:44:CD1	94.261	2.2469	4	86.952	3.1328	5	1.0840564685550045
vdw--P:CYS:127:N--P:TRP:124:O	78.311	3.9746	4	84.819	3.8078	5	-1.0831011839544358
vdw--P:ILE:197:CG1--P:LEU:193:O	89.264	3.0756	4	82.481	2.9435	5	1.082229976872861
vdw--P:TYR:122:O--P:VAL:126:CG2	87.218	3.4439	4	80.649	2.5197	5	1.0814564734967655
vdw--P:ALA:196:CB--P:PHE:192:O	95.413	3.2200	4	88.365	3.0857	5	1.0797535969481082
vdw--P:ALA:26:O--P:ALA:30:CB	98.641	0.6361	4	91.435	4.1809	5	1.078809158616816
vdw--P:PHE:202:CB--P:THR:198:O	91.647	2.5829	4	85.300	1.5465	5	1.0744039086557662
vdw--P:ASN:241:OD1--P:SER:187:CA	82.344	1.8235	4	88.028	3.0382	5	-1.069032888940412
vdw--P:CYS:201:N--P:THR:198:O	78.694	1.5101	4	73.775	3.5407	5	1.0666759252341658
vdw--P:ALA:102:CA--P:CYS:201:SG	91.557	3.4876	4	86.031	1.9730	5	1.0642313630689606
hbbb--P:LEU:135:N--P:TRP:131:O	87.748	0.8585	4	82.482	3.9344	5	1.0638336297383326
hls--B:MK6:500:O5--P:ARG:258:NH1	87.367	2.6696	4	92.774	2.1522	5	-1.0618824629254626
vdw--P:ALA:222:CB--P:ARG:218:O	78.356	1.6861	4	73.794	3.4511	5	1.061813174833818
vdw--P:ASN:23:O--P:ILE:27:CG1	96.406	1.2612	4	90.866	4.3083	5	1.0609671617111156
wb--P:CYS:236:O--P:TYR:240:N	85.232	2.6844	4	90.061	2.9707	5	-1.0566551088834824
vdw--P:LEU:135:N--P:TRP:131:O	92.274	0.3565	4	87.362	2.8625	5	1.0562299308405443
vdw--P:LEU:231:O--P:LEU:234:N	72.884	1.2711	4	76.978	2.6460	5	-1.0561734070114488
vdw--P:LEU:195:O--P:THR:198:N	82.227	0.4470	4	86.408	1.3895	5	-1.0508360086078266
vdw--P:CYS:201:CB--P:ILE:197:O	89.107	2.2292	4	85.477	2.2588	5	1.0424657474889252
vdw--P:PHE:16:N--P:VAL:13:O	80.329	1.0784	4	83.457	1.7685	5	-1.0389315782720654
hbbb--P:ALA:99:N--P:GLY:95:O	99.445	0.1930	4	96.147	1.7307	5	1.0343002175650078
vdw--P:LEU:48:CB--P:TYR:44:O	94.539	1.3077	4	97.149	1.8615	5	-1.0276051303276852
vdw--P:ASN:241:CB--P:PHE:191:CD2	96.218	0.9024	4	93.680	2.0554	5	1.027091610378036
vdw--P:GLY:93:N--P:PRO:89:O	95.530	1.4041	4	98.002	0.9518	5	-1.0258718434971643
hbbb--P:ASN:23:O--P:ILE:27:N	98.582	0.7176	4	96.098	1.4064	5	1.025845147617615
vdw--P:ALA:128:O--P:ALA:132:CB	94.596	1.5813	4	97.027	0.7753	5	-1.0257018741142774
vdw--P:ASN:23:O--P:ILE:27:N	99.386	0.7844	4	97.315	1.1332	5	1.0212794322934888
vdw--P:ASN:47:ND2--P:TRP:124:CZ3	95.560	0.2532	4	93.647	1.1680	5	1.020432572873282
vdw--P:ALA:99:N--P:GLY:95:O	99.547	0.3446	4	97.813	1.1607	5	1.0177299088198932
hbbb--P:ALA:129:O--P:LEU:133:N	99.649	0.2480	4	98.059	1.0719	5	1.0162124321483041
vdw--P:GLY:29:N--P:LEU:25:O	97.692	0.9480	4	99.272	0.9990	5	-1.0161644867470203
vdw--P:ILE:130:O--P:VAL:134:CG1	96.874	0.7409	4	95.450	0.7692	5	1.0149222143214152
vdw--P:LEU:11:N--P:LEU:7:O	97.766	0.7344	4	99.122	0.5837	5	-1.0138763943154174
vdw--P:LEU:133:N--P:TRP:131:C	98.788	0.5771	4	97.480	1.0237	5	1.013425515963086
hbbb--P:LEU:138:N--P:VAL:134:O	98.130	0.2089	4	99.159	0.6113	5	-1.0104825038991367
vdw--P:LEU:138:N--P:VAL:134:O	99.196	0.3113	4	99.855	0.3240	5	-1.0066384418373275
hbbb--P:SER:101:O--P:TYR:105:N	100.0	0.0	4	99.470	0.3133	5	1.0053183984134748
hbbb--P:ALA:196:N--P:PHE:192:O	100.0	0.0	4	99.474	0.3425	5	1.0052875983105376
vdw--P:GLY:139:N--P:HSE:137:C	100.0	0.0	4	99.615	0.0324	5	1.003855797395394
vdw--P:SER:101:O--P:TYR:105:N	100.0	0.0	4	99.628	0.2573	5	1.0037320437438166
